{"skeleton":{"hash":"/CP3cj9aVpbwLMnxOdgrCEZv0cQ","spine":"3.8.84","images":"./images/","audio":""},"bones":[{"name":"root","color":"9b9b9b00"},{"name":"bone","parent":"root","x":-0.52,"y":-63.88,"scaleX":0.5455,"scaleY":0.5455,"color":"9b9b9b00"},{"name":"10001","parent":"bone","x":-209.89,"y":-92.37},{"name":"y1","parent":"bone","x":6.14,"y":25.67},{"name":"y2","parent":"y1","x":27.4,"y":23.86},{"name":"yw1","parent":"y1","x":-27.47,"y":21.28},{"name":"yw2","parent":"y1","x":-19.51,"y":-26.21},{"name":"yw4","parent":"y1","x":37.33,"y":-23.45}],"slots":[{"name":"10001","bone":"10001"},{"name":"y1","bone":"y1"},{"name":"yw1","bone":"yw1"},{"name":"yw2","bone":"yw2"},{"name":"yw5","bone":"y2"},{"name":"yw4","bone":"yw4"}],"skins":[{"name":"default","attachments":{"10001":{"10001":{"x":-0.02,"width":350,"height":280},"10002":{"width":350,"height":280},"10003":{"width":350,"height":280},"10004":{"width":350,"height":280},"10005":{"width":350,"height":280},"10006":{"width":350,"height":280},"10007":{"width":350,"height":280},"10008":{"width":350,"height":280}},"y1":{"y1":{"x":0.04,"y":0.02,"width":266,"height":191},"y2":{"width":266,"height":191},"y3":{"width":266,"height":191},"y4":{"width":266,"height":191},"y5":{"width":266,"height":191},"y6":{"width":266,"height":191},"y7":{"width":266,"height":191},"y8":{"width":266,"height":191}},"yw1":{"yw1":{"x":1.49,"y":1.7,"width":102,"height":80}},"yw2":{"yw2":{"x":-0.05,"y":2.68,"width":111,"height":82}},"yw4":{"yw4":{"x":-0.98,"y":0.7,"width":112,"height":95}},"yw5":{"yw5":{"x":5.27,"y":-0.23,"width":83,"height":68}}}}],"animations":{"08_4_z_zhenzha":{"slots":{"10001":{"color":[{"color":"ffffff00"},{"time":0.1667,"color":"ffffffb5","curve":"stepped"},{"time":0.9667,"color":"ffffffb5"},{"time":1.0667,"color":"ffffff00"}],"attachment":[{"time":0.5,"name":"10001"},{"time":0.5667,"name":"10002"},{"time":0.6333,"name":"10003"},{"time":0.7,"name":"10004"},{"time":0.7667,"name":"10005"},{"time":0.8333,"name":"10006"},{"time":0.9,"name":"10007"},{"time":0.9667,"name":"10008"},{"time":1.0667,"name":null}]},"y1":{"color":[{"color":"ffffff00"},{"time":0.1667,"color":"ffffffff","curve":"stepped"},{"time":0.5,"color":"ffffffff"},{"time":0.7667,"color":"ffffff00"}]},"yw1":{"color":[{"color":"ffffff00"},{"time":0.1667,"color":"ffffffff","curve":"stepped"},{"time":0.5,"color":"ffffffff"},{"time":0.6667,"color":"ffffff00"}],"attachment":[{"name":"yw1"}]},"yw2":{"color":[{"color":"ffffff00"},{"time":0.1667,"color":"ffffffff","curve":"stepped"},{"time":0.5,"color":"ffffffff"},{"time":0.6667,"color":"ffffff00"}],"attachment":[{"name":"yw2"}]},"yw4":{"color":[{"color":"ffffff00"},{"time":0.1667,"color":"ffffffff","curve":"stepped"},{"time":0.5,"color":"ffffffff"},{"time":0.6667,"color":"ffffff00"}],"attachment":[{"name":"yw4"}]},"yw5":{"color":[{"color":"ffffff00"},{"time":0.1667,"color":"ffffffff","curve":"stepped"},{"time":0.5,"color":"ffffffff"},{"time":0.6667,"color":"ffffff00"}],"attachment":[{"name":"yw5"}]}},"bones":{"10001":{"translate":[{"x":-519.25,"y":57.62}],"scale":[{"x":2.459,"y":2.459,"curve":"stepped"},{"time":0.9667,"x":2.459,"y":2.459},{"time":1.0667,"x":2.5,"y":2.5}]},"y1":{"translate":[{"x":-753.81,"y":-46.97}],"scale":[{"x":2.743,"y":2.743}]},"y2":{"scale":[{},{"time":0.6667,"x":1.548,"y":1.548}]},"yw1":{"scale":[{},{"time":0.6667,"x":1.548,"y":1.548}]},"yw2":{"scale":[{},{"time":0.6667,"x":1.548,"y":1.548}]},"yw4":{"scale":[{},{"time":0.6667,"x":1.548,"y":1.548}]},"bone":{"translate":[{"x":253.45,"y":100.06}],"scale":[{"x":0.639,"y":0.639}]}}}}}