{"skeleton":{"hash":"Wf6yPPH1++CUbSXeimizUf3pJCU","spine":"3.8.84","x":-684,"y":-384,"width":1368,"height":768,"images":"./images/","audio":"C:/Users/lin/Desktop/images"},"bones":[{"name":"root"},{"name":"bone","parent":"root","length":168.16,"rotation":89.47,"scaleX":0.9264,"scaleY":0.9264}],"slots":[{"name":"1","bone":"bone","attachment":"1"},{"name":"2","bone":"bone","attachment":"2"},{"name":"3","bone":"bone","attachment":"3"},{"name":"4","bone":"bone","attachment":"4"},{"name":"5","bone":"bone","attachment":"5"},{"name":"6","bone":"bone","attachment":"6"},{"name":"7","bone":"bone","attachment":"7"},{"name":"8","bone":"bone","attachment":"8"},{"name":"9","bone":"bone","attachment":"9"},{"name":"10","bone":"bone","attachment":"10"},{"name":"11","bone":"bone","attachment":"11"},{"name":"12","bone":"bone","attachment":"12"},{"name":"bg","bone":"root"},{"name":"图层 190","bone":"root","color":"ffffff92"}],"skins":[{"name":"default","attachments":{"1":{"1":{"x":162.39,"y":16.49,"rotation":-89.47,"width":391,"height":371}},"10":{"10":{"x":172.02,"y":1.58,"rotation":-89.47,"width":393,"height":388}},"11":{"11":{"x":182.83,"y":22.68,"rotation":-89.47,"width":553,"height":418}},"12":{"12":{"x":182.33,"y":22.67,"rotation":-89.47,"width":553,"height":419}},"2":{"2":{"x":181.32,"y":23.16,"rotation":-89.47,"width":350,"height":387}},"3":{"3":{"x":173.98,"y":6.59,"rotation":-89.47,"width":371,"height":386}},"4":{"4":{"x":170.73,"y":-20.44,"rotation":-89.47,"width":371,"height":375}},"5":{"5":{"x":168.4,"y":-38.96,"rotation":-89.47,"width":370,"height":372}},"6":{"6":{"x":188.06,"y":-56.78,"rotation":-89.47,"width":438,"height":421}},"7":{"7":{"x":187.51,"y":-51.28,"rotation":-89.47,"width":375,"height":422}},"8":{"8":{"x":156.21,"y":-18.57,"rotation":-89.47,"width":353,"height":356}},"9":{"9":{"x":163.92,"y":-41,"rotation":-89.47,"width":410,"height":379}}}}],"animations":{"animation":{"slots":{"1":{"attachment":[{"time":0.0667,"name":null}]},"2":{"attachment":[{"name":null},{"time":0.0667,"name":"2"},{"time":0.1333,"name":null}]},"3":{"attachment":[{"name":null},{"time":0.1333,"name":"3"},{"time":0.2,"name":null}]},"4":{"attachment":[{"name":null},{"time":0.2,"name":"4"},{"time":0.2667,"name":null}]},"5":{"attachment":[{"name":null},{"time":0.2667,"name":"5"},{"time":0.3333,"name":null}]},"6":{"attachment":[{"name":null},{"time":0.3333,"name":"6"},{"time":0.4,"name":null}]},"7":{"attachment":[{"name":null},{"time":0.4,"name":"7"},{"time":0.4667,"name":null}]},"8":{"attachment":[{"name":null},{"time":0.4667,"name":"8"},{"time":0.5333,"name":null}]},"9":{"attachment":[{"name":null},{"time":0.5333,"name":"9"},{"time":0.6,"name":null}]},"10":{"attachment":[{"name":null},{"time":0.6,"name":"10"},{"time":0.6667,"name":null}]},"11":{"attachment":[{"name":null},{"time":0.6667,"name":"11"},{"time":0.7333,"name":null}]},"12":{"attachment":[{"name":null},{"time":0.7333,"name":"12"}]}}}}}