{"skeleton":{"hash":"Knjzj+7SA4qOn1411h4sEASC9r8","spine":"3.8.84","x":-547.2,"y":-307.2,"width":1639.2,"height":614.4,"images":"./images/","audio":"C:/Users/lin/Desktop/images"},"bones":[{"name":"root","scaleX":0.8,"scaleY":0.8},{"name":"bone2","parent":"root","length":163.49,"rotation":90,"x":1120.84,"y":-29.55},{"name":"bone3","parent":"bone2","length":766.51,"rotation":90.39,"x":1.76,"y":7.03,"scaleX":1.122},{"name":"bone6","parent":"bone3","length":226.69,"rotation":179.61,"x":485.36,"y":-58.37},{"name":"bone11","parent":"bone3","length":195.44,"rotation":178.88,"x":296.23,"y":32.02},{"name":"guangtt","parent":"root","scaleX":0.3146,"scaleY":0.3146}],"slots":[{"name":"chukou_1","bone":"bone2","attachment":"chukou_1"},{"name":"chukou_2","bone":"bone2","attachment":"chukou_2"},{"name":"chukou_3","bone":"bone2","attachment":"chukou_3"},{"name":"chukou_4","bone":"bone2","attachment":"chukou_4"},{"name":"chukou_5","bone":"bone2","attachment":"chukou_5"},{"name":"chukou_6","bone":"bone2","attachment":"chukou_6"},{"name":"chukou_7","bone":"bone2","attachment":"chukou_7"},{"name":"chukou_8","bone":"bone2","attachment":"chukou_8"},{"name":"you","bone":"bone3","attachment":"you"},{"name":"suduxian","bone":"bone6","attachment":"suduxian","blend":"additive"},{"name":"suduxian_3","bone":"bone11","attachment":"suduxian_2","blend":"additive"},{"name":"图层 191","bone":"root"},{"name":"TT_00000","bone":"guangtt","attachment":"TT_00006"}],"skins":[{"name":"default","attachments":{"TT_00000":{"TT_00000":{"width":1000,"height":1000},"TT_00001":{"width":1000,"height":1000},"TT_00002":{"width":1000,"height":1000},"TT_00003":{"width":1000,"height":1000},"TT_00004":{"width":1000,"height":1000},"TT_00005":{"width":1000,"height":1000},"TT_00006":{"width":1000,"height":1000}},"chukou_1":{"chukou_1":{"x":11.01,"y":65.92,"rotation":-90,"width":252,"height":223}},"chukou_2":{"chukou_2":{"x":6.01,"y":62.42,"rotation":-90,"width":239,"height":223}},"chukou_3":{"chukou_3":{"x":6.01,"y":59.42,"rotation":-90,"width":231,"height":223}},"chukou_4":{"chukou_4":{"x":2.01,"y":57.92,"rotation":-90,"width":248,"height":205}},"chukou_5":{"chukou_5":{"x":6.51,"y":70.42,"rotation":-90,"width":255,"height":222}},"chukou_6":{"chukou_6":{"x":5.01,"y":56.42,"rotation":-90,"width":237,"height":223}},"chukou_7":{"chukou_7":{"x":6.01,"y":54.42,"rotation":-90,"width":223,"height":221}},"chukou_8":{"chukou_8":{"x":9.01,"y":56.42,"rotation":-90,"width":237,"height":221}},"suduxian":{"suduxian":{"x":452.55,"y":-38.36,"width":514,"height":194}},"suduxian_3":{"suduxian_2":{"x":20.59,"y":30.7,"rotation":0.6,"width":628,"height":194}},"you":{"you":{"x":343.88,"y":-1.62,"rotation":179.61,"width":854,"height":209}}}}],"animations":{"1_you":{"slots":{"TT_00000":{"attachment":[{"name":null}]},"chukou_1":{"attachment":[{"time":0.0667,"name":null},{"time":0.5333,"name":"chukou_1"},{"time":0.6,"name":null},{"time":1.0667,"name":"chukou_1"},{"time":1.1333,"name":null},{"time":1.6,"name":"chukou_1"}]},"chukou_2":{"attachment":[{"name":null},{"time":0.0667,"name":"chukou_2"},{"time":0.1333,"name":null},{"time":0.6,"name":"chukou_2"},{"time":0.6667,"name":null},{"time":1.1333,"name":"chukou_2"},{"time":1.2,"name":null}]},"chukou_3":{"attachment":[{"name":null},{"time":0.1333,"name":"chukou_3"},{"time":0.1667,"name":null},{"time":0.6667,"name":"chukou_3"},{"time":0.7333,"name":null},{"time":1.2,"name":"chukou_3"},{"time":1.2667,"name":null}]},"chukou_4":{"attachment":[{"name":null},{"time":0.2,"name":"chukou_4"},{"time":0.2667,"name":null},{"time":0.7333,"name":"chukou_4"},{"time":0.8,"name":null},{"time":1.2667,"name":"chukou_4"},{"time":1.3333,"name":null}]},"chukou_5":{"attachment":[{"name":null},{"time":0.2667,"name":"chukou_5"},{"time":0.3333,"name":null},{"time":0.8,"name":"chukou_5"},{"time":0.8667,"name":null},{"time":1.1333,"name":"chukou_5"},{"time":1.2667,"name":null},{"time":1.3333,"name":"chukou_5"},{"time":1.4,"name":null}]},"chukou_6":{"attachment":[{"name":null},{"time":0.3333,"name":"chukou_6"},{"time":0.4,"name":null},{"time":0.8667,"name":"chukou_6"},{"time":0.9333,"name":null},{"time":1.4,"name":"chukou_6"},{"time":1.4667,"name":null}]},"chukou_7":{"attachment":[{"name":null},{"time":0.4,"name":"chukou_7"},{"time":0.4667,"name":null},{"time":0.9333,"name":"chukou_7"},{"time":1,"name":null},{"time":1.4667,"name":"chukou_7"},{"time":1.5333,"name":null}]},"chukou_8":{"attachment":[{"name":null},{"time":0.4667,"name":"chukou_8"},{"time":0.5333,"name":null},{"time":1,"name":"chukou_8"},{"time":1.0667,"name":null},{"time":1.5333,"name":"chukou_8"},{"time":1.6,"name":null}]},"suduxian":{"attachment":[{"time":0.8333,"name":null},{"time":1.6,"name":"suduxian"}]},"suduxian_3":{"attachment":[{"name":null},{"time":0.8333,"name":"suduxian_2"},{"time":1.6,"name":null}]}},"bones":{"bone2":{"translate":[{"x":-784.19,"y":-77.11}],"scale":[{"x":0.194,"y":0.281}]},"bone3":{"translate":[{"y":58.83}],"scale":[{"x":2.479}]},"bone6":{"translate":[{"x":-354.13,"y":30.5},{"time":0.8333,"x":306.08,"y":17.86},{"time":1.6,"x":-232.74,"y":28.17}],"scale":[{"x":0.321}]},"bone11":{"translate":[{"time":0.8333,"x":-180.13,"y":3.45},{"time":1.6,"x":270.97,"y":-5.19}],"scale":[{"time":0.8333,"x":0.442},{"time":1.6,"x":0.72}]}}},"chuxian":{"slots":{"TT_00000":{"color":[{"color":"efff85ff"}],"attachment":[{"name":"TT_00000"},{"time":0.0333,"name":"TT_00001"},{"time":0.0667,"name":"TT_00002"},{"time":0.1,"name":"TT_00003"},{"time":0.1333,"name":"TT_00004"},{"time":0.1667,"name":"TT_00005"},{"time":0.2,"name":"TT_00006"},{"time":0.2333,"name":"TT_00000"},{"time":0.2667,"name":"TT_00001"},{"time":0.3,"name":"TT_00002"},{"time":0.3333,"name":"TT_00003"},{"time":0.3667,"name":"TT_00004"},{"time":0.4,"name":"TT_00005"},{"time":0.4333,"name":"TT_00006"},{"time":0.4667,"name":"TT_00000"},{"time":0.5,"name":"TT_00001"},{"time":0.5333,"name":"TT_00002"},{"time":0.5667,"name":"TT_00003"},{"time":0.6,"name":"TT_00004"},{"time":0.6333,"name":"TT_00005"},{"time":0.6667,"name":"TT_00006"},{"time":0.7,"name":"TT_00000"},{"time":0.7333,"name":"TT_00001"},{"time":0.7667,"name":"TT_00002"},{"time":0.8,"name":"TT_00003"},{"time":0.8333,"name":"TT_00004"},{"time":0.8667,"name":"TT_00005"},{"time":0.9,"name":"TT_00006"},{"time":0.9333,"name":"TT_00000"},{"time":0.9667,"name":"TT_00001"},{"time":1,"name":"TT_00002"},{"time":1.0333,"name":"TT_00003"},{"time":1.0667,"name":"TT_00004"},{"time":1.1,"name":"TT_00005"},{"time":1.1333,"name":"TT_00006"},{"time":1.1667,"name":"TT_00000"},{"time":1.2,"name":"TT_00001"},{"time":1.2333,"name":"TT_00002"},{"time":1.2667,"name":"TT_00003"},{"time":1.3,"name":"TT_00004"},{"time":1.3333,"name":"TT_00005"},{"time":1.3667,"name":"TT_00006"},{"time":1.4,"name":"TT_00000"},{"time":1.4333,"name":"TT_00001"},{"time":1.4667,"name":"TT_00002"},{"time":1.5,"name":"TT_00003"},{"time":1.5333,"name":"TT_00004"},{"time":1.5667,"name":"TT_00005"},{"time":1.6,"name":"TT_00006"}]},"chukou_1":{"attachment":[{"time":0.0667,"name":null},{"time":0.5333,"name":"chukou_1"},{"time":0.6,"name":null},{"time":1.0667,"name":"chukou_1"},{"time":1.1333,"name":null},{"time":1.6,"name":"chukou_1"}]},"chukou_2":{"attachment":[{"name":null},{"time":0.0667,"name":"chukou_2"},{"time":0.1333,"name":null},{"time":0.6,"name":"chukou_2"},{"time":0.6667,"name":null},{"time":1.1333,"name":"chukou_2"},{"time":1.2,"name":null}]},"chukou_3":{"attachment":[{"name":null},{"time":0.1333,"name":"chukou_3"},{"time":0.1667,"name":null},{"time":0.6667,"name":"chukou_3"},{"time":0.7333,"name":null},{"time":1.2,"name":"chukou_3"},{"time":1.2667,"name":null}]},"chukou_4":{"attachment":[{"name":null},{"time":0.2,"name":"chukou_4"},{"time":0.2667,"name":null},{"time":0.7333,"name":"chukou_4"},{"time":0.8,"name":null},{"time":1.2667,"name":"chukou_4"},{"time":1.3333,"name":null}]},"chukou_5":{"attachment":[{"name":null},{"time":0.2667,"name":"chukou_5"},{"time":0.3333,"name":null},{"time":0.8,"name":"chukou_5"},{"time":0.8667,"name":null},{"time":1.1333,"name":"chukou_5"},{"time":1.2667,"name":null},{"time":1.3333,"name":"chukou_5"},{"time":1.4,"name":null}]},"chukou_6":{"attachment":[{"name":null},{"time":0.3333,"name":"chukou_6"},{"time":0.4,"name":null},{"time":0.8667,"name":"chukou_6"},{"time":0.9333,"name":null},{"time":1.4,"name":"chukou_6"},{"time":1.4667,"name":null}]},"chukou_7":{"attachment":[{"name":null},{"time":0.4,"name":"chukou_7"},{"time":0.4667,"name":null},{"time":0.9333,"name":"chukou_7"},{"time":1,"name":null},{"time":1.4667,"name":"chukou_7"},{"time":1.5333,"name":null}]},"chukou_8":{"attachment":[{"name":null},{"time":0.4667,"name":"chukou_8"},{"time":0.5333,"name":null},{"time":1,"name":"chukou_8"},{"time":1.0667,"name":null},{"time":1.5333,"name":"chukou_8"},{"time":1.6,"name":null}]},"suduxian":{"attachment":[{"time":0.8333,"name":null},{"time":1.6,"name":"suduxian"}]},"suduxian_3":{"attachment":[{"name":null},{"time":0.8333,"name":"suduxian_2"},{"time":1.6,"name":null}]}},"bones":{"bone2":{"translate":[{"x":-728.92,"y":-77.11}],"scale":[{"x":0.194,"y":0.024},{"time":1.6,"x":0.194,"y":0.305}]},"bone3":{"translate":[{"y":58.83}],"scale":[{"x":2.479}]},"bone6":{"translate":[{"x":-354.13,"y":30.5},{"time":0.8333,"x":306.08,"y":17.86},{"time":1.6,"x":-232.74,"y":28.17}],"scale":[{"x":0.321}]},"bone11":{"translate":[{"time":0.8333,"x":-180.13,"y":3.45},{"time":1.6,"x":270.97,"y":-5.19}],"scale":[{"time":0.8333,"x":0.442},{"time":1.6,"x":0.72}]},"guangtt":{"translate":[{"x":425.3,"y":-98.58},{"time":1.6,"x":-194.11,"y":-98.58}],"scale":[{"x":-1}]}}}}}