{"skeleton":{"hash":"scygi1pshh8NPk7T/03GfEMDylk","spine":"3.8.84","x":-127.25,"y":-127.25,"width":256.49,"height":256.49,"images":"","audio":""},"bones":[{"name":"root"},{"name":"bone13","parent":"root","x":595.22,"y":-277.76},{"name":"bone2","parent":"bone13","x":-595.22,"y":277.76},{"name":"bone","parent":"bone2"},{"name":"bone3","parent":"bone13","rotation":60,"x":-595.22,"y":277.76},{"name":"bone4","parent":"bone3"},{"name":"bone5","parent":"bone13","rotation":120,"x":-595.22,"y":277.76},{"name":"bone6","parent":"bone5"},{"name":"bone7","parent":"bone13","rotation":-180,"x":-595.22,"y":277.76},{"name":"bone8","parent":"bone7"},{"name":"bone9","parent":"bone13","rotation":-120,"x":-595.22,"y":277.76},{"name":"bone10","parent":"bone9"},{"name":"bone11","parent":"bone13","rotation":-60,"x":-595.22,"y":277.76},{"name":"bone12","parent":"bone11"},{"name":"bone14","parent":"root","x":595.22,"y":-277.76},{"name":"bone15","parent":"bone14","x":-595.22,"y":277.76},{"name":"bone16","parent":"bone15"},{"name":"bone17","parent":"bone14","rotation":60,"x":-595.22,"y":277.76},{"name":"bone18","parent":"bone17"},{"name":"bone19","parent":"bone14","rotation":120,"x":-595.22,"y":277.76},{"name":"bone20","parent":"bone19"},{"name":"bone21","parent":"bone14","rotation":-180,"x":-595.22,"y":277.76},{"name":"bone22","parent":"bone21"},{"name":"bone23","parent":"bone14","rotation":-120,"x":-595.22,"y":277.76},{"name":"bone24","parent":"bone23"},{"name":"bone25","parent":"bone14","rotation":-60,"x":-595.22,"y":277.76},{"name":"bone26","parent":"bone25"},{"name":"bone27","parent":"root","x":595.22,"y":-277.76},{"name":"bone28","parent":"bone27","x":-595.22,"y":277.76},{"name":"bone29","parent":"bone28"},{"name":"bone30","parent":"bone27","rotation":60,"x":-595.22,"y":277.76},{"name":"bone31","parent":"bone30"},{"name":"bone32","parent":"bone27","rotation":120,"x":-595.22,"y":277.76},{"name":"bone33","parent":"bone32"},{"name":"bone34","parent":"bone27","rotation":-180,"x":-595.22,"y":277.76},{"name":"bone35","parent":"bone34"},{"name":"bone36","parent":"bone27","rotation":-120,"x":-595.22,"y":277.76},{"name":"bone37","parent":"bone36"},{"name":"bone38","parent":"bone27","rotation":-60,"x":-595.22,"y":277.76},{"name":"bone39","parent":"bone38"},{"name":"images/daxingxing","parent":"root","x":5,"y":3.3},{"name":"images/guang","parent":"root","x":0.61,"y":14.12}],"slots":[{"name":"images/daxingxing2","bone":"bone","attachment":"images/daxingxing"},{"name":"images/daxingxing8","bone":"bone16","attachment":"images/daxingxing"},{"name":"images/daxingxing14","bone":"bone29","attachment":"images/daxingxing"},{"name":"images/daxingxing3","bone":"bone4","attachment":"images/daxingxing"},{"name":"images/daxingxing9","bone":"bone18","attachment":"images/daxingxing"},{"name":"images/daxingxing15","bone":"bone31","attachment":"images/daxingxing"},{"name":"images/daxingxing4","bone":"bone6","attachment":"images/daxingxing"},{"name":"images/daxingxing10","bone":"bone20","attachment":"images/daxingxing"},{"name":"images/daxingxing16","bone":"bone33","attachment":"images/daxingxing"},{"name":"images/daxingxing5","bone":"bone8","attachment":"images/daxingxing"},{"name":"images/daxingxing11","bone":"bone22","attachment":"images/daxingxing"},{"name":"images/daxingxing17","bone":"bone35","attachment":"images/daxingxing"},{"name":"images/daxingxing6","bone":"bone10","attachment":"images/daxingxing"},{"name":"images/daxingxing12","bone":"bone24","attachment":"images/daxingxing"},{"name":"images/daxingxing18","bone":"bone37","attachment":"images/daxingxing"},{"name":"images/daxingxing7","bone":"bone12","attachment":"images/daxingxing"},{"name":"images/daxingxing13","bone":"bone26","attachment":"images/daxingxing"},{"name":"images/daxingxing19","bone":"bone39","attachment":"images/daxingxing"},{"name":"images/daxingxing","bone":"images/daxingxing"},{"name":"images/guang","bone":"images/guang","color":"ffffff89","attachment":"images/guang","blend":"additive"}],"skins":[{"name":"default","attachments":{"images/daxingxing10":{"images/daxingxing":{"x":4,"y":4,"width":129,"height":128}},"images/daxingxing11":{"images/daxingxing":{"x":4,"y":4,"width":129,"height":128}},"images/daxingxing12":{"images/daxingxing":{"x":4,"y":4,"width":129,"height":128}},"images/daxingxing13":{"images/daxingxing":{"x":4,"y":4,"width":129,"height":128}},"images/daxingxing14":{"images/daxingxing":{"x":4,"y":4,"width":129,"height":128}},"images/daxingxing15":{"images/daxingxing":{"x":4,"y":4,"width":129,"height":128}},"images/daxingxing16":{"images/daxingxing":{"x":4,"y":4,"width":129,"height":128}},"images/daxingxing17":{"images/daxingxing":{"x":4,"y":4,"width":129,"height":128}},"images/daxingxing18":{"images/daxingxing":{"x":4,"y":4,"width":129,"height":128}},"images/daxingxing19":{"images/daxingxing":{"x":4,"y":4,"width":129,"height":128}},"images/daxingxing2":{"images/daxingxing":{"x":4,"y":4,"width":129,"height":128}},"images/daxingxing3":{"images/daxingxing":{"x":4,"y":4,"width":129,"height":128}},"images/daxingxing4":{"images/daxingxing":{"x":4,"y":4,"width":129,"height":128}},"images/daxingxing5":{"images/daxingxing":{"x":4,"y":4,"width":129,"height":128}},"images/daxingxing6":{"images/daxingxing":{"x":4,"y":4,"width":129,"height":128}},"images/daxingxing7":{"images/daxingxing":{"x":4,"y":4,"width":129,"height":128}},"images/daxingxing8":{"images/daxingxing":{"x":4,"y":4,"width":129,"height":128}},"images/daxingxing9":{"images/daxingxing":{"x":4,"y":4,"width":129,"height":128}},"images/guang":{"images/guang":{"x":0.39,"y":-13.12,"rotation":0.11,"width":256,"height":256}}}}],"animations":{"13_1_jingtaixingxiang":{"slots":{"images/daxingxing2":{"attachment":[{"name":null}]},"images/daxingxing3":{"attachment":[{"name":null}]},"images/daxingxing4":{"attachment":[{"name":null}]},"images/daxingxing5":{"attachment":[{"name":null}]},"images/daxingxing6":{"attachment":[{"name":null}]},"images/daxingxing7":{"attachment":[{"name":null}]},"images/daxingxing8":{"attachment":[{"name":null}]},"images/daxingxing9":{"attachment":[{"name":null}]},"images/daxingxing10":{"attachment":[{"name":null}]},"images/daxingxing11":{"attachment":[{"name":null}]},"images/daxingxing12":{"attachment":[{"name":null}]},"images/daxingxing13":{"attachment":[{"name":null}]},"images/daxingxing15":{"attachment":[{"name":null}]},"images/daxingxing16":{"attachment":[{"name":null}]},"images/daxingxing17":{"attachment":[{"name":null}]},"images/daxingxing18":{"attachment":[{"name":null}]},"images/daxingxing19":{"attachment":[{"name":null}]},"images/guang":{"attachment":[{"name":null}]}},"bones":{"root":{"rotate":[{}],"translate":[{}],"scale":[{}]},"images/guang":{"rotate":[{}],"translate":[{}],"scale":[{}]},"images/daxingxing":{"rotate":[{}],"translate":[{}],"scale":[{}]}}},"13_1_xingxiangdianliang":{"slots":{"images/daxingxing":{"color":[{"time":0.2667,"color":"ffffffff"},{"time":0.5667,"color":"ffffff00"}]},"images/daxingxing2":{"attachment":[{"name":null}]},"images/daxingxing3":{"attachment":[{"name":null}]},"images/daxingxing4":{"attachment":[{"name":null}]},"images/daxingxing5":{"attachment":[{"name":null}]},"images/daxingxing6":{"attachment":[{"name":null}]},"images/daxingxing8":{"attachment":[{"name":null}]},"images/daxingxing9":{"attachment":[{"name":null}]},"images/daxingxing10":{"attachment":[{"name":null}]},"images/daxingxing11":{"attachment":[{"name":null}]},"images/daxingxing12":{"attachment":[{"name":null}]},"images/daxingxing14":{"attachment":[{"name":null}]},"images/daxingxing15":{"attachment":[{"name":null}]},"images/daxingxing16":{"attachment":[{"name":null}]},"images/daxingxing17":{"attachment":[{"name":null}]},"images/daxingxing18":{"attachment":[{"name":null}]},"images/guang":{"color":[{"time":0.2667,"color":"ffffff89"},{"time":0.5667,"color":"ffffff00"}]}},"bones":{"images/guang":{"translate":[{"x":-0.97,"y":-12.24,"curve":"stepped"},{"time":0.2667,"x":-0.97,"y":-12.24}],"scale":[{"x":0.294,"y":0.294,"curve":0,"c2":0.37,"c3":0.75},{"time":0.2667},{"time":0.5667,"x":1.267,"y":1.267}]},"images/daxingxing":{"translate":[{"x":-4.19,"y":-4.19,"curve":0,"c2":0.39,"c3":0.75},{"time":0.2667}],"scale":[{"x":0.165,"y":0.165,"curve":0,"c2":0.41,"c3":0.75},{"time":0.2667},{"time":0.5667,"x":1.107,"y":1.107}]},"bone":{"rotate":[{"curve":"stepped"},{"time":0.2667,"curve":"stepped"},{"time":0.5667}],"translate":[{"curve":"stepped"},{"time":0.2667,"curve":"stepped"},{"time":0.5667}],"scale":[{"x":0.617,"y":0.617,"curve":0,"c2":0.39,"c3":0.75},{"time":0.2667},{"time":0.5667,"x":0.617,"y":0.617}]},"bone4":{"rotate":[{"curve":"stepped"},{"time":0.2667,"curve":"stepped"},{"time":0.5667}],"translate":[{"curve":"stepped"},{"time":0.2667,"curve":"stepped"},{"time":0.5667}],"scale":[{"x":0.617,"y":0.617,"curve":0,"c2":0.39,"c3":0.75},{"time":0.2667},{"time":0.5667,"x":0.617,"y":0.617}]},"bone6":{"rotate":[{"curve":"stepped"},{"time":0.2667,"curve":"stepped"},{"time":0.5667}],"translate":[{"curve":"stepped"},{"time":0.2667,"curve":"stepped"},{"time":0.5667}],"scale":[{"x":0.617,"y":0.617,"curve":0,"c2":0.39,"c3":0.75},{"time":0.2667},{"time":0.5667,"x":0.617,"y":0.617}]},"bone8":{"rotate":[{"curve":"stepped"},{"time":0.2667,"curve":"stepped"},{"time":0.5667}],"translate":[{"curve":"stepped"},{"time":0.2667,"curve":"stepped"},{"time":0.5667}],"scale":[{"x":0.617,"y":0.617,"curve":0,"c2":0.39,"c3":0.75},{"time":0.2667},{"time":0.5667,"x":0.617,"y":0.617}]},"bone10":{"rotate":[{"curve":"stepped"},{"time":0.2667,"curve":"stepped"},{"time":0.5667}],"translate":[{"curve":"stepped"},{"time":0.2667,"curve":"stepped"},{"time":0.5667}],"scale":[{"x":0.617,"y":0.617,"curve":0,"c2":0.39,"c3":0.75},{"time":0.2667},{"time":0.5667,"x":0.617,"y":0.617}]},"bone12":{"rotate":[{"curve":"stepped"},{"time":0.2667,"curve":"stepped"},{"time":0.5667}],"translate":[{"curve":"stepped"},{"time":0.2667,"curve":"stepped"},{"time":0.5667}],"scale":[{"x":0.617,"y":0.617,"curve":0,"c2":0.39,"c3":0.75},{"time":0.2667},{"time":0.5667,"x":0.617,"y":0.617}]},"bone16":{"rotate":[{"curve":"stepped"},{"time":0.2667,"curve":"stepped"},{"time":0.5667}],"translate":[{"curve":"stepped"},{"time":0.2667,"curve":"stepped"},{"time":0.5667}],"scale":[{"x":0.617,"y":0.617,"curve":0,"c2":0.39,"c3":0.75},{"time":0.2667},{"time":0.5667,"x":0.617,"y":0.617}]},"bone18":{"rotate":[{"curve":"stepped"},{"time":0.2667,"curve":"stepped"},{"time":0.5667}],"translate":[{"curve":"stepped"},{"time":0.2667,"curve":"stepped"},{"time":0.5667}],"scale":[{"x":0.617,"y":0.617,"curve":0,"c2":0.39,"c3":0.75},{"time":0.2667},{"time":0.5667,"x":0.617,"y":0.617}]},"bone20":{"rotate":[{"curve":"stepped"},{"time":0.2667,"curve":"stepped"},{"time":0.5667}],"translate":[{"curve":"stepped"},{"time":0.2667,"curve":"stepped"},{"time":0.5667}],"scale":[{"x":0.617,"y":0.617,"curve":0,"c2":0.39,"c3":0.75},{"time":0.2667},{"time":0.5667,"x":0.617,"y":0.617}]},"bone22":{"rotate":[{"curve":"stepped"},{"time":0.2667,"curve":"stepped"},{"time":0.5667}],"translate":[{"curve":"stepped"},{"time":0.2667,"curve":"stepped"},{"time":0.5667}],"scale":[{"x":0.617,"y":0.617,"curve":0,"c2":0.39,"c3":0.75},{"time":0.2667},{"time":0.5667,"x":0.617,"y":0.617}]},"bone24":{"rotate":[{"curve":"stepped"},{"time":0.2667,"curve":"stepped"},{"time":0.5667}],"translate":[{"curve":"stepped"},{"time":0.2667,"curve":"stepped"},{"time":0.5667}],"scale":[{"x":0.617,"y":0.617,"curve":0,"c2":0.39,"c3":0.75},{"time":0.2667},{"time":0.5667,"x":0.617,"y":0.617}]},"bone26":{"rotate":[{"curve":"stepped"},{"time":0.2667,"curve":"stepped"},{"time":0.5667}],"translate":[{"curve":"stepped"},{"time":0.2667,"curve":"stepped"},{"time":0.5667}],"scale":[{"x":0.617,"y":0.617,"curve":0,"c2":0.39,"c3":0.75},{"time":0.2667},{"time":0.5667,"x":0.617,"y":0.617}]},"bone29":{"rotate":[{"curve":"stepped"},{"time":0.2667,"curve":"stepped"},{"time":0.5667}],"translate":[{"curve":"stepped"},{"time":0.2667,"curve":"stepped"},{"time":0.5667}],"scale":[{"x":0.617,"y":0.617,"curve":0,"c2":0.39,"c3":0.75},{"time":0.2667},{"time":0.5667,"x":0.617,"y":0.617}]},"bone31":{"rotate":[{"curve":"stepped"},{"time":0.2667,"curve":"stepped"},{"time":0.5667}],"translate":[{"curve":"stepped"},{"time":0.2667,"curve":"stepped"},{"time":0.5667}],"scale":[{"x":0.617,"y":0.617,"curve":0,"c2":0.39,"c3":0.75},{"time":0.2667},{"time":0.5667,"x":0.617,"y":0.617}]},"bone33":{"rotate":[{"curve":"stepped"},{"time":0.2667,"curve":"stepped"},{"time":0.5667}],"translate":[{"curve":"stepped"},{"time":0.2667,"curve":"stepped"},{"time":0.5667}],"scale":[{"x":0.617,"y":0.617,"curve":0,"c2":0.39,"c3":0.75},{"time":0.2667},{"time":0.5667,"x":0.617,"y":0.617}]},"bone35":{"rotate":[{"curve":"stepped"},{"time":0.2667,"curve":"stepped"},{"time":0.5667}],"translate":[{"curve":"stepped"},{"time":0.2667,"curve":"stepped"},{"time":0.5667}],"scale":[{"x":0.617,"y":0.617,"curve":0,"c2":0.39,"c3":0.75},{"time":0.2667},{"time":0.5667,"x":0.617,"y":0.617}]},"bone37":{"rotate":[{"curve":"stepped"},{"time":0.2667,"curve":"stepped"},{"time":0.5667}],"translate":[{"curve":"stepped"},{"time":0.2667,"curve":"stepped"},{"time":0.5667}],"scale":[{"x":0.617,"y":0.617,"curve":0,"c2":0.39,"c3":0.75},{"time":0.2667},{"time":0.5667,"x":0.617,"y":0.617}]},"bone39":{"rotate":[{"curve":"stepped"},{"time":0.2667,"curve":"stepped"},{"time":0.5667}],"translate":[{"curve":"stepped"},{"time":0.2667,"curve":"stepped"},{"time":0.5667}],"scale":[{"x":0.617,"y":0.617,"curve":0,"c2":0.39,"c3":0.75},{"time":0.2667},{"time":0.5667,"x":0.617,"y":0.617}]}}},"13_1_xingxianggensuixiaoguo":{"slots":{"images/daxingxing5":{"color":[{"color":"ffffff00"},{"time":0.2333,"color":"ffffffff"}]},"images/daxingxing7":{"color":[{"color":"ffffffff"},{"time":0.2333,"color":"ffffff00"}]},"images/daxingxing11":{"color":[{"color":"ffffff00"},{"time":0.2333,"color":"ffffffff"}]},"images/daxingxing13":{"color":[{"color":"ffffffff"},{"time":0.2333,"color":"ffffff00"}]},"images/daxingxing17":{"color":[{"color":"ffffff00"},{"time":0.2333,"color":"ffffffff"}]},"images/daxingxing19":{"color":[{"color":"ffffffff"},{"time":0.2333,"color":"ffffff00"}]},"images/guang":{"attachment":[{"name":null}]}},"bones":{"root":{"rotate":[{}],"translate":[{}],"scale":[{}]},"images/daxingxing":{"rotate":[{}],"translate":[{}],"scale":[{}]},"images/guang":{"rotate":[{}],"translate":[{}],"scale":[{}]},"bone2":{"rotate":[{}],"translate":[{}],"scale":[{}]},"bone":{"rotate":[{}],"translate":[{"x":135.33},{"time":0.2333,"x":274.8}],"scale":[{"x":0.8,"y":0.8},{"time":0.2333,"x":0.68,"y":0.68}]},"bone3":{"rotate":[{}],"translate":[{}],"scale":[{}]},"bone4":{"rotate":[{"angle":-60}],"translate":[{"x":137.38,"y":-237.96},{"time":0.2333,"x":196.15,"y":-339.74}],"scale":[{"x":0.68,"y":0.68},{"time":0.2333,"x":0.59,"y":0.59}]},"bone5":{"rotate":[{}],"translate":[{}],"scale":[{}]},"bone6":{"rotate":[{"angle":-120}],"translate":[{"x":-196.16,"y":-339.77},{"time":0.2333,"x":-244.7,"y":-423.83}],"scale":[{"x":0.587,"y":0.587},{"time":0.2333,"x":0.45,"y":0.45}]},"bone7":{"rotate":[{}],"translate":[{}],"scale":[{}]},"bone8":{"rotate":[{"angle":180}],"translate":[{},{"time":0.2333,"x":-135.3}],"scale":[{},{"time":0.2333,"x":0.8,"y":0.8}]},"bone9":{"rotate":[{}],"translate":[{}],"scale":[{}]},"bone10":{"rotate":[{"angle":120}],"translate":[{"x":-244.69,"y":423.82},{"time":0.2333,"x":-286.4,"y":496.06}],"scale":[{"x":0.449,"y":0.449},{"time":0.2333,"x":0.29,"y":0.29}]},"bone11":{"rotate":[{}],"translate":[{}],"scale":[{}]},"bone12":{"rotate":[{"angle":60}],"translate":[{"x":286.39,"y":496.04},{"time":0.2333,"x":326.39,"y":565.32}],"scale":[{"x":0.287,"y":0.287}]},"bone16":{"rotate":[{}],"translate":[{"x":135.33},{"time":0.2333,"x":274.8}],"scale":[{"x":0.8,"y":0.8},{"time":0.2333,"x":0.68,"y":0.68}]},"bone15":{"rotate":[{}],"translate":[{}],"scale":[{}]},"bone18":{"rotate":[{"angle":-60}],"translate":[{"x":137.38,"y":-237.96},{"time":0.2333,"x":196.15,"y":-339.74}],"scale":[{"x":0.68,"y":0.68},{"time":0.2333,"x":0.59,"y":0.59}]},"bone17":{"rotate":[{}],"translate":[{}],"scale":[{}]},"bone20":{"rotate":[{"angle":-120}],"translate":[{"x":-196.16,"y":-339.77},{"time":0.2333,"x":-244.7,"y":-423.83}],"scale":[{"x":0.587,"y":0.587},{"time":0.2333,"x":0.45,"y":0.45}]},"bone19":{"rotate":[{}],"translate":[{}],"scale":[{}]},"bone22":{"rotate":[{"angle":180}],"translate":[{},{"time":0.2333,"x":-135.3}],"scale":[{},{"time":0.2333,"x":0.8,"y":0.8}]},"bone21":{"rotate":[{}],"translate":[{}],"scale":[{}]},"bone24":{"rotate":[{"angle":120}],"translate":[{"x":-244.69,"y":423.82},{"time":0.2333,"x":-286.4,"y":496.06}],"scale":[{"x":0.449,"y":0.449},{"time":0.2333,"x":0.29,"y":0.29}]},"bone23":{"rotate":[{}],"translate":[{}],"scale":[{}]},"bone26":{"rotate":[{"angle":60}],"translate":[{"x":286.39,"y":496.04},{"time":0.2333,"x":326.39,"y":565.32}],"scale":[{"x":0.287,"y":0.287}]},"bone25":{"rotate":[{}],"translate":[{}],"scale":[{}]},"bone14":{"rotate":[{"angle":7.24}],"translate":[{"x":32.15,"y":144.57}],"scale":[{"x":0.778,"y":0.778}]},"bone29":{"rotate":[{}],"translate":[{"x":135.33},{"time":0.2333,"x":274.8}],"scale":[{"x":0.8,"y":0.8},{"time":0.2333,"x":0.68,"y":0.68}]},"bone28":{"rotate":[{}],"translate":[{}],"scale":[{}]},"bone31":{"rotate":[{"angle":-60}],"translate":[{"x":137.38,"y":-237.96},{"time":0.2333,"x":196.15,"y":-339.74}],"scale":[{"x":0.68,"y":0.68},{"time":0.2333,"x":0.59,"y":0.59}]},"bone30":{"rotate":[{}],"translate":[{}],"scale":[{}]},"bone33":{"rotate":[{"angle":-120}],"translate":[{"x":-196.16,"y":-339.77},{"time":0.2333,"x":-244.7,"y":-423.83}],"scale":[{"x":0.587,"y":0.587},{"time":0.2333,"x":0.45,"y":0.45}]},"bone32":{"rotate":[{}],"translate":[{}],"scale":[{}]},"bone35":{"rotate":[{"angle":180}],"translate":[{},{"time":0.2333,"x":-135.3}],"scale":[{},{"time":0.2333,"x":0.8,"y":0.8}]},"bone34":{"rotate":[{}],"translate":[{}],"scale":[{}]},"bone37":{"rotate":[{"angle":120}],"translate":[{"x":-244.69,"y":423.82},{"time":0.2333,"x":-286.4,"y":496.06}],"scale":[{"x":0.449,"y":0.449},{"time":0.2333,"x":0.29,"y":0.29}]},"bone36":{"rotate":[{}],"translate":[{}],"scale":[{}]},"bone39":{"rotate":[{"angle":60}],"translate":[{"x":286.39,"y":496.04},{"time":0.2333,"x":326.39,"y":565.32}],"scale":[{"x":0.287,"y":0.287}]},"bone38":{"rotate":[{}],"translate":[{}],"scale":[{}]},"bone27":{"rotate":[{"angle":-7.96}],"translate":[{"x":-23.69,"y":-23.13}],"scale":[{"x":0.796,"y":0.796}]}}},"13_1_zhengfangti xiaoshixiaoguo":{"slots":{"images/daxingxing":{"color":[{"color":"ffffff00"}]},"images/daxingxing2":{"color":[{"color":"ffffff00"},{"time":0.3333,"color":"ffffffff"},{"time":0.6,"color":"ffffffbb"},{"time":0.9,"color":"ffffff00"}]},"images/daxingxing3":{"color":[{"color":"ffffff00"},{"time":0.3333,"color":"ffffffff"},{"time":0.6,"color":"ffffffbb"},{"time":0.9,"color":"ffffff00"}]},"images/daxingxing4":{"color":[{"color":"ffffff00"},{"time":0.3333,"color":"ffffffff"},{"time":0.6,"color":"ffffffbb"},{"time":0.9,"color":"ffffff00"}]},"images/daxingxing5":{"color":[{"color":"ffffff00"},{"time":0.3333,"color":"ffffffff"},{"time":0.6,"color":"ffffffbb"},{"time":0.9,"color":"ffffff00"}]},"images/daxingxing6":{"color":[{"color":"ffffff00"},{"time":0.3333,"color":"ffffffff"},{"time":0.6,"color":"ffffffbb"},{"time":0.9,"color":"ffffff00"}]},"images/daxingxing7":{"color":[{"color":"ffffff00"},{"time":0.3333,"color":"ffffffff"},{"time":0.6,"color":"ffffffbb"},{"time":0.9,"color":"ffffff00"}]},"images/daxingxing8":{"color":[{"color":"ffffff00"},{"time":0.3333,"color":"ffffffff"},{"time":0.6,"color":"ffffffbb"},{"time":0.9,"color":"ffffff00"}]},"images/daxingxing9":{"color":[{"color":"ffffff00"},{"time":0.3333,"color":"ffffffff"},{"time":0.6,"color":"ffffffbb"},{"time":0.9,"color":"ffffff00"}]},"images/daxingxing10":{"color":[{"color":"ffffff00"},{"time":0.3333,"color":"ffffffff"},{"time":0.6,"color":"ffffffbb"},{"time":0.9,"color":"ffffff00"}]},"images/daxingxing11":{"color":[{"color":"ffffff00"},{"time":0.3333,"color":"ffffffff"},{"time":0.6,"color":"ffffffbb"},{"time":0.9,"color":"ffffff00"}]},"images/daxingxing12":{"color":[{"color":"ffffff00"},{"time":0.3333,"color":"ffffffff"},{"time":0.6,"color":"ffffffbb"},{"time":0.9,"color":"ffffff00"}]},"images/daxingxing13":{"color":[{"color":"ffffff00"},{"time":0.3333,"color":"ffffffff"},{"time":0.6,"color":"ffffffbb"},{"time":0.9,"color":"ffffff00"}]},"images/daxingxing14":{"color":[{"color":"ffffff00"},{"time":0.3333,"color":"ffffffff"},{"time":0.6,"color":"ffffffbb"},{"time":0.9,"color":"ffffff00"}]},"images/daxingxing15":{"color":[{"color":"ffffff00"},{"time":0.3333,"color":"ffffffff"},{"time":0.6,"color":"ffffffbb"},{"time":0.9,"color":"ffffff00"}]},"images/daxingxing16":{"color":[{"color":"ffffff00"},{"time":0.3333,"color":"ffffffff"},{"time":0.6,"color":"ffffffbb"},{"time":0.9,"color":"ffffff00"}]},"images/daxingxing17":{"color":[{"color":"ffffff00"},{"time":0.3333,"color":"ffffffff"},{"time":0.6,"color":"ffffffbb"},{"time":0.9,"color":"ffffff00"}]},"images/daxingxing18":{"color":[{"color":"ffffff00"},{"time":0.3333,"color":"ffffffff"},{"time":0.6,"color":"ffffffbb"},{"time":0.9,"color":"ffffff00"}]},"images/daxingxing19":{"color":[{"color":"ffffff00"},{"time":0.3333,"color":"ffffffff"},{"time":0.6,"color":"ffffffbb"},{"time":0.9,"color":"ffffff00"}]},"images/guang":{"color":[{"color":"ffffff00"},{"time":0.1667,"color":"ffffff89"},{"time":0.3333,"color":"ffffff00"}]}},"bones":{"images/guang":{"scale":[{},{"time":0.1667,"x":2.623,"y":2.623},{"time":0.3333,"x":3.746,"y":3.746}]},"bone":{"rotate":[{"angle":90},{"time":0.3333,"angle":27.61},{"time":0.9}],"translate":[{},{"time":0.1667,"x":167.37,"y":141.49},{"time":0.3333,"x":252.44,"y":235.11,"curve":0,"c2":0.18,"c3":0.75},{"time":0.9,"x":371.38,"y":322.51}],"scale":[{"x":0.592,"y":0.592,"curve":0,"c2":0.2,"c3":0.75},{"time":0.1667,"x":1.081,"y":1.081},{"time":0.3333,"x":1.549,"y":1.549},{"time":0.9,"x":0.061,"y":0.061}]},"bone4":{"rotate":[{"angle":90},{"time":0.3333,"angle":27.61},{"time":0.9}],"translate":[{},{"time":0.1667,"x":167.37,"y":141.49},{"time":0.3333,"x":252.44,"y":235.11,"curve":0,"c2":0.18,"c3":0.75},{"time":0.9,"x":371.38,"y":322.51}],"scale":[{"x":0.592,"y":0.592,"curve":0,"c2":0.2,"c3":0.75},{"time":0.1667,"x":1.081,"y":1.081},{"time":0.3333,"x":1.549,"y":1.549},{"time":0.9,"x":0.061,"y":0.061}]},"bone6":{"rotate":[{"angle":90},{"time":0.3333,"angle":27.61},{"time":0.9}],"translate":[{},{"time":0.1667,"x":167.37,"y":141.49},{"time":0.3333,"x":252.44,"y":235.11,"curve":0,"c2":0.18,"c3":0.75},{"time":0.9,"x":371.38,"y":322.51}],"scale":[{"x":0.592,"y":0.592,"curve":0,"c2":0.2,"c3":0.75},{"time":0.1667,"x":1.081,"y":1.081},{"time":0.3333,"x":1.549,"y":1.549},{"time":0.9,"x":0.061,"y":0.061}]},"bone8":{"rotate":[{"angle":90},{"time":0.3333,"angle":27.61},{"time":0.9}],"translate":[{},{"time":0.1667,"x":167.37,"y":141.49},{"time":0.3333,"x":252.44,"y":235.11,"curve":0,"c2":0.18,"c3":0.75},{"time":0.9,"x":371.38,"y":322.51}],"scale":[{"x":0.592,"y":0.592,"curve":0,"c2":0.2,"c3":0.75},{"time":0.1667,"x":1.081,"y":1.081},{"time":0.3333,"x":1.549,"y":1.549},{"time":0.9,"x":0.061,"y":0.061}]},"bone10":{"rotate":[{"angle":90},{"time":0.3333,"angle":27.61},{"time":0.9}],"translate":[{},{"time":0.1667,"x":167.37,"y":141.49},{"time":0.3333,"x":252.44,"y":235.11,"curve":0,"c2":0.18,"c3":0.75},{"time":0.9,"x":371.38,"y":322.51}],"scale":[{"x":0.592,"y":0.592,"curve":0,"c2":0.2,"c3":0.75},{"time":0.1667,"x":1.081,"y":1.081},{"time":0.3333,"x":1.549,"y":1.549},{"time":0.9,"x":0.061,"y":0.061}]},"bone12":{"rotate":[{"angle":90},{"time":0.3333,"angle":27.61},{"time":0.9}],"translate":[{},{"time":0.1667,"x":167.37,"y":141.49},{"time":0.3333,"x":252.44,"y":235.11,"curve":0,"c2":0.18,"c3":0.75},{"time":0.9,"x":371.38,"y":322.51}],"scale":[{"x":0.592,"y":0.592,"curve":0,"c2":0.2,"c3":0.75},{"time":0.1667,"x":1.081,"y":1.081},{"time":0.3333,"x":1.549,"y":1.549},{"time":0.9,"x":0.061,"y":0.061}]},"bone16":{"rotate":[{"angle":90},{"time":0.3333,"angle":27.61},{"time":0.9}],"translate":[{},{"time":0.1667,"x":167.37,"y":141.49},{"time":0.3333,"x":252.44,"y":235.11,"curve":0,"c2":0.18,"c3":0.75},{"time":0.9,"x":371.38,"y":322.51}],"scale":[{"x":0.592,"y":0.592,"curve":0,"c2":0.2,"c3":0.75},{"time":0.1667,"x":1.081,"y":1.081},{"time":0.3333,"x":1.549,"y":1.549},{"time":0.9,"x":0.061,"y":0.061}]},"bone18":{"rotate":[{"angle":90},{"time":0.3333,"angle":27.61},{"time":0.9}],"translate":[{},{"time":0.1667,"x":167.37,"y":141.49},{"time":0.3333,"x":252.44,"y":235.11,"curve":0,"c2":0.18,"c3":0.75},{"time":0.9,"x":371.38,"y":322.51}],"scale":[{"x":0.592,"y":0.592,"curve":0,"c2":0.2,"c3":0.75},{"time":0.1667,"x":1.081,"y":1.081},{"time":0.3333,"x":1.549,"y":1.549},{"time":0.9,"x":0.061,"y":0.061}]},"bone20":{"rotate":[{"angle":90},{"time":0.3333,"angle":27.61},{"time":0.9}],"translate":[{},{"time":0.1667,"x":167.37,"y":141.49},{"time":0.3333,"x":252.44,"y":235.11,"curve":0,"c2":0.18,"c3":0.75},{"time":0.9,"x":371.38,"y":322.51}],"scale":[{"x":0.592,"y":0.592,"curve":0,"c2":0.2,"c3":0.75},{"time":0.1667,"x":1.081,"y":1.081},{"time":0.3333,"x":1.549,"y":1.549},{"time":0.9,"x":0.061,"y":0.061}]},"bone22":{"rotate":[{"angle":90},{"time":0.3333,"angle":27.61},{"time":0.9}],"translate":[{},{"time":0.1667,"x":167.37,"y":141.49},{"time":0.3333,"x":252.44,"y":235.11,"curve":0,"c2":0.18,"c3":0.75},{"time":0.9,"x":371.38,"y":322.51}],"scale":[{"x":0.592,"y":0.592,"curve":0,"c2":0.2,"c3":0.75},{"time":0.1667,"x":1.081,"y":1.081},{"time":0.3333,"x":1.549,"y":1.549},{"time":0.9,"x":0.061,"y":0.061}]},"bone24":{"rotate":[{"angle":90},{"time":0.3333,"angle":27.61},{"time":0.9}],"translate":[{},{"time":0.1667,"x":167.37,"y":141.49},{"time":0.3333,"x":252.44,"y":235.11,"curve":0,"c2":0.18,"c3":0.75},{"time":0.9,"x":371.38,"y":322.51}],"scale":[{"x":0.592,"y":0.592,"curve":0,"c2":0.2,"c3":0.75},{"time":0.1667,"x":1.081,"y":1.081},{"time":0.3333,"x":1.549,"y":1.549},{"time":0.9,"x":0.061,"y":0.061}]},"bone26":{"rotate":[{"angle":90},{"time":0.3333,"angle":27.61},{"time":0.9}],"translate":[{},{"time":0.1667,"x":167.37,"y":141.49},{"time":0.3333,"x":252.44,"y":235.11,"curve":0,"c2":0.18,"c3":0.75},{"time":0.9,"x":371.38,"y":322.51}],"scale":[{"x":0.592,"y":0.592,"curve":0,"c2":0.2,"c3":0.75},{"time":0.1667,"x":1.081,"y":1.081},{"time":0.3333,"x":1.549,"y":1.549},{"time":0.9,"x":0.061,"y":0.061}]},"bone29":{"rotate":[{"angle":90},{"time":0.3333,"angle":27.61},{"time":0.9}],"translate":[{},{"time":0.1667,"x":167.37,"y":141.49},{"time":0.3333,"x":252.44,"y":235.11,"curve":0,"c2":0.18,"c3":0.75},{"time":0.9,"x":371.38,"y":322.51}],"scale":[{"x":0.592,"y":0.592,"curve":0,"c2":0.2,"c3":0.75},{"time":0.1667,"x":1.081,"y":1.081},{"time":0.3333,"x":1.549,"y":1.549},{"time":0.9,"x":0.061,"y":0.061}]},"bone31":{"rotate":[{"angle":90},{"time":0.3333,"angle":27.61},{"time":0.9}],"translate":[{},{"time":0.1667,"x":167.37,"y":141.49},{"time":0.3333,"x":252.44,"y":235.11,"curve":0,"c2":0.18,"c3":0.75},{"time":0.9,"x":371.38,"y":322.51}],"scale":[{"x":0.592,"y":0.592,"curve":0,"c2":0.2,"c3":0.75},{"time":0.1667,"x":1.081,"y":1.081},{"time":0.3333,"x":1.549,"y":1.549},{"time":0.9,"x":0.061,"y":0.061}]},"bone33":{"rotate":[{"angle":90},{"time":0.3333,"angle":27.61},{"time":0.9}],"translate":[{},{"time":0.1667,"x":167.37,"y":141.49},{"time":0.3333,"x":252.44,"y":235.11,"curve":0,"c2":0.18,"c3":0.75},{"time":0.9,"x":371.38,"y":322.51}],"scale":[{"x":0.592,"y":0.592,"curve":0,"c2":0.2,"c3":0.75},{"time":0.1667,"x":1.081,"y":1.081},{"time":0.3333,"x":1.549,"y":1.549},{"time":0.9,"x":0.061,"y":0.061}]},"bone35":{"rotate":[{"angle":90},{"time":0.3333,"angle":27.61},{"time":0.9}],"translate":[{},{"time":0.1667,"x":167.37,"y":141.49},{"time":0.3333,"x":252.44,"y":235.11,"curve":0,"c2":0.18,"c3":0.75},{"time":0.9,"x":371.38,"y":322.51}],"scale":[{"x":0.592,"y":0.592,"curve":0,"c2":0.2,"c3":0.75},{"time":0.1667,"x":1.081,"y":1.081},{"time":0.3333,"x":1.549,"y":1.549},{"time":0.9,"x":0.061,"y":0.061}]},"bone37":{"rotate":[{"angle":90},{"time":0.3333,"angle":27.61},{"time":0.9}],"translate":[{},{"time":0.1667,"x":167.37,"y":141.49},{"time":0.3333,"x":252.44,"y":235.11,"curve":0,"c2":0.18,"c3":0.75},{"time":0.9,"x":371.38,"y":322.51}],"scale":[{"x":0.592,"y":0.592,"curve":0,"c2":0.2,"c3":0.75},{"time":0.1667,"x":1.081,"y":1.081},{"time":0.3333,"x":1.549,"y":1.549},{"time":0.9,"x":0.061,"y":0.061}]},"bone39":{"rotate":[{"angle":90},{"time":0.3333,"angle":27.61},{"time":0.9}],"translate":[{},{"time":0.1667,"x":167.37,"y":141.49},{"time":0.3333,"x":252.44,"y":235.11,"curve":0,"c2":0.18,"c3":0.75},{"time":0.9,"x":371.38,"y":322.51}],"scale":[{"x":0.592,"y":0.592,"curve":0,"c2":0.2,"c3":0.75},{"time":0.1667,"x":1.081,"y":1.081},{"time":0.3333,"x":1.549,"y":1.549},{"time":0.9,"x":0.061,"y":0.061}]}}}}}